{"cameraMode":{"drawMode":0,"name":"Shaded","section":"Shading Mode"},"sceneLighting":true,"audioPlay":false,"sceneViewState":{"m_AlwaysRefresh":false,"showFog":true,"showSkybox":true,"showFlares":true,"showImageEffects":true,"showParticleSystems":true,"showVisualEffectGraphs":true,"m_FxEnabled":true},"in2DMode":false,"pivot":{"x":-0.37216663360595705,"y":-8.872899055480957,"z":24.29732322692871},"rotation":{"x":-0.001602264936082065,"y":0.9803759455680847,"z":-0.1970074474811554,"w":-0.00793976616114378},"size":14.860950469970704,"orthographic":false}