{"cameraMode":{"drawMode":0,"name":"Shaded","section":"Shading Mode"},"sceneLighting":true,"audioPlay":false,"sceneViewState":{"m_AlwaysRefresh":false,"showFog":true,"showSkybox":true,"showFlares":true,"showImageEffects":true,"showParticleSystems":true,"showVisualEffectGraphs":true,"m_FxEnabled":true},"in2DMode":false,"pivot":{"x":-3.123875856399536,"y":-2.3669958114624025,"z":35.214927673339847},"rotation":{"x":-0.011059621348977089,"y":0.9698720574378967,"z":-0.23920562863349915,"w":-0.04483950138092041},"size":11.411661148071289,"orthographic":false}