{"cameraMode":{"drawMode":0,"name":"Shaded","section":"Shading Mode"},"sceneLighting":true,"audioPlay":false,"sceneViewState":{"m_AlwaysRefresh":false,"showFog":true,"showSkybox":true,"showFlares":true,"showImageEffects":true,"showParticleSystems":true,"showVisualEffectGraphs":true,"m_FxEnabled":true},"in2DMode":false,"pivot":{"x":1.7326558828353882,"y":13.915462493896485,"z":54.79448699951172},"rotation":{"x":0.06715288013219834,"y":0.9056580662727356,"z":-0.3882692754268646,"w":0.15668106079101563},"size":14.860950469970704,"orthographic":false}